PLAYER,POS,LANE AGILITY TIME ,SHUTTLE RUN ,THREE QUARTER SPRINT ,STANDING VERTICAL LEAP ,MAX VERTICAL LEAP ,MAX BENCH PRESS 
Max Abmas,PG,10.9,3.49,3.12,28.5,32.5,-
Ochai Agbaji,SG,10.88,3.1,3.13,32,41.5,-
Marcus Bagley,SF,12.26,3.1,3.17,32.5,38.5,-
Scottie Barnes,SF,10.88,2.99,3.15,36,39.5,-
Charles Bassey,C,12.19,3.33,3.13,33,36,-
Brandon Boston Jr.,SF,-,-,-,-,-,-
James Bouknight,SG,-,-,-,-,-,-
Greg Brown III,PF,10.98,2.98,3.19,33.5,39,-
Jared Butler,PG,-,-,-,-,-,-
Julian Champagnie,SF,12.38,3.2,3.2,26,32,-
Justin Champagnie,PF,11.94,3.14,3.34,27,35,-
Josh Christopher,SG,11.32,3.3,3.14,29.5,37.5,-
Sharife Cooper,PG,-,-,-,-,-,-
Cade Cunningham,PG,-,-,-,-,-,-
Ayo Dosunmu,SG,11.51,3.27,3.23,27,33.5,-
David Duke Jr.,SG,11.21,3.19,3.08,30,39,-
Kessler Edwards,PF,11.3,3.38,3.25,28,37,-
Luka Garza,C,11.9,3.38,3.51,24,29.5,-
RaiQuan Gray,PF,11.69,3.3,3.25,26.5,31.5,-
Jalen Green,SG,-,-,-,-,-,-
Quentin Grimes,SG,11.09,3.33,3.07,30.5,38.5,-
Sam Hauser,SF,11.14,3.07,3.34,28.5,34.5,-
Aaron Henry,SF,11.68,3.18,3.07,29,35,-
Ariel Hukporti,C,12.2,3.53,3.12,24.5,31,-
Matt Hurt,PF,11.44,3.25,3.34,25.5,32.5,-
Nah'Shon Hyland,SG,10.53,3.17,3.1,26.5,34,-
Isaiah Jackson,C,-,-,-,-,-,-
David Johnson,SG,12.02,3.2,3.03,33,39,-
Jalen Johnson,PF,-,-,-,-,-,-
Keon Johnson,SG,11.45,3.2,3,41.5,48,-
Carlik Jones,PG,10.96,3.23,3.16,31.5,36,-
Kai Jones,PF,-,-,-,-,-,-
Herbert Jones,SF,11.02,3.17,3.25,28.5,36.5,-
Johnny Juzang,SG,11.13,3.08,3.13,31,36.5,-
Corey Kispert,SF,10.91,2.99,3.12,30,37.5,-
Jonathan Kuminga,SF,-,-,-,-,-,-
AJ Lawson,SG-SF,11,3.01,2.98,33,41,-
Scottie Lewis,SF,10.45,3.03,2.98,34,42,-
Isaiah Livers,SF,-,-,-,-,-,-
Makur Maker,C,11.87,3.28,3.34,25.5,31,-
Sandro Mamukelashvili,C,11.63,3.3,3.21,30.5,36.5,-
Tre Mann,PG,-,-,-,-,-,-
Matthew Mayer,PF,-,-,-,-,-,-
Miles McBride,PG,11.08,3.13,3.1,31,38.5,-
Davion Mitchell,PG,-,-,-,-,-,-
Evan Mobley,PF,-,-,-,-,-,-
Isaiah Mobley,PF,12.7,3.5,3.3,26.5,32,-
Moses Moody,SG,-,-,-,-,-,-
Trey Murphy III,SF,11.65,3.32,3.14,34,38,-
Daishen Nix,PG,11.72,3.18,3,29.5,36.5,-
John Petty Jr.,SG,11.51,3.17,3.35,27.5,34,-
Yves Pons,PF,10.89,3.05,3.1,36,42.5,-
Jason Preston,PG,10.82,3.08,3.13,30.5,38.5,-
Joshua Primo,SG,10.97,3.36,3.22,30.5,37.5,-
Roko Prkacin,PF,-,-,-,-,-,-
Neemias Queta,C,11.85,3.5,3.29,27,33,-
Austin Reaves,SG,10.94,3.19,3.07,25,35,-
Jeremiah Robinson-Earl,PF,11.64,3.15,3.29,27,32,-
Terrence Shannon Jr.,SF,11.51,3.12,3.21,32.5,39.5,-
Day'Ron Sharpe,C,-,-,-,-,-,-
Jericho Sims,C,11.59,3.38,3.05,37,44.5,-
Jaden Springer,SG,11.46,3.1,3.13,34.5,41.5,-
DJ Steward,PG,11.14,3.1,3.08,34.5,38.5,-
Cam Thomas,SG,-,-,-,-,-,-
JT Thor,PF,12.19,3.08,3.06,31.5,35,-
Isaiah Todd,PF,11.38,3.25,3.31,28.5,35.5,-
Duane Washington Jr.,SG,11.5,3.06,3.17,29.5,35.5,-
Trendon Watford,PF,11.69,3.23,3.27,28,35,-
Joe Wieskamp,SF,10.7,3.18,3.04,30,42,-
Aaron Wiggins,SG-SF,11.2,3,3.04,29.5,36,-
Ziaire Williams,SF,10.69,3.04,3.12,34,39.5,-
Moses Wright,PF,11.2,3.42,3.15,31.5,38,-
McKinley Wright IV,PG,10.76,3.12,3.08,31.5,38,-
Marcus Zegarowski,PG,11.47,3.26,3.11,30,35.5,-
Precious Achiuwa,PF,-,-,-,-,-,-
Ty-Shon Alexander,SG,11.33,2.47,3.26,28,33,-
Udoka Azubuike,C,11.82,3.61,3.23,37,41,-
Tyler Bey,PF,11.35,2.75,3.17,37,43.5,-
Yoeli Childs,PF,10.87,2.42,3.22,34,38.5,-
Mamadi Diakite,PF,11.95,2.71,3.16,28,37,-
Devon Dotson,PG,10.44,2.22,3.02,31.5,40.5,-
Paul Eboua,SF-PF,10.79,2.44,3.19,33,35.5,-
CJ Elleby,SG-SF,11.25,2.63,3.25,30.5,36.5,-
Trent Forrest,PG,11.04,2.5,3.18,28,34.5,-
Josh Green,SG-SF,10.64,2.28,3.12,30.5,39.5,-
Ashton Hagans,PG,10.82,2.5,3.13,29.5,36.5,-
Joshua Hall,SF,12.16,2.62,3.38,31.5,37.5,-
Jalen Harris,SG,10.59,2.49,3.11,37.5,42.5,-
Markus Howard,PG,11.21,3.17,3.11,30.5,35.5,-
Elijah Hughes,SF-SG,-,-,-,-,-,-
Isaiah Joe,SG,-,-,-,-,-,-
Mason Jones,SG,10.6,2.49,3.33,24,31,-
Nathan Knight,PF-C,11.56,2.96,3.31,23,31.5,-
Theo Maledon,PG,-,-,-,-,-,-
Karim Mane,PG-SG,11.52,2.64,3.04,31,36,-
Naji Marshall,SF,11.77,2.9,3.37,28.5,35,-
Kenyon Martin Jr.,SF-PF,11.93,2.58,3.16,31.5,38.5,-
Skylar Mays,SG,10.65,2.4,3.3,29,37.5,-
Zeke Nnaji,PF-C,10.94,2.72,3.2,33,38,-
Jordan Nwora,SF-PF,11.29,2.66,3.43,29,35,-
Reggie Perry,PF-C,11.26,2.57,3.25,30,33.5,-
Myles Powell,PG-SG,-,-,-,-,-,-
Immanuel Quickley,SG,11.21,2.46,3.17,29.5,35.5,-
Jahmi'us Ramsey,SG,-,-,-,-,-,-
Paul Reed Jr.,PF,12.29,2.67,3.45,26.5,37.5,-
Nick Richards,C,11.42,2.92,3.25,30,34,-
Grant Riller,PG-SG,11.17,2.45,3.07,32.5,39.5,-
Jayden Scrubb,SG-SF,-,-,-,-,-,-
Jalen Smith,PF-C,-,-,-,-,-,-
Cassius Stanley,SG,11.4,2.43,3.09,34.5,44,-
Lamar Stevens,SF-PF,10.35,2.54,3.2,35,41,-
Isaiah Stewart,C,-,-,-,-,-,-
Tyrell Terry,PG,10.78,2.59,3.28,30,34,-
Killian Tillie,PF,11.6,2.62,3.4,27.5,32,-
Xavier Tillman Sr.,PF-C,11.8,3.01,3.49,26,32.5,-
Kaleb Wesson,C,11.73,2.64,3.6,21.5,27,-
Kahlil Whitney,SF,11.17,2.61,3.28,29,39,-
Cassius Winston,PG,11.15,2.74,3.61,24,28,-
Robert Woodard II,SF,11.1,2.49,3.18,32,38,-
Nickeil Alexander-Walker,SG,-,-,-,-,-,-
RJ Barrett,SF,-,-,-,-,-,-
Charles Bassey,C,12.65,3.27,3.53,29,33,7
Darius Bazley,PF,11.09,2.95,3.27,30.5,37,4
Bol Bol,C,-,-,-,-,-,-
Jordan Bone,SG,9.97,2.78,3.08,36,42.5,7
Brian Bowen II,SF,10.98,3.21,3.26,32,35.5,1
Ky Bowman,PG,11.11,3.11,3.26,27.5,33,4
Ignas Brazdeikis,SF,11.06,3.17,3.36,31,36.5,13
O'Shae Brissett,SF-PF,11.3,3.18,3.48,34,37.5,11
Moses Brown,C,11.95,3.3,3.51,27,31,-
Brandon Clarke,SF,10.61,3.05,3.15,34,40.5,10
Nicolas Claxton,C,11.26,3.47,3.36,31.5,36.5,8
Tyler Cook,PF,11.32,3.1,3.28,27.5,32,11
Jarrett Culver,SG,-,-,-,-,-,-
Terence Davis,SG,10.69,2.96,3.28,29.5,34,13
Luguentz Dort,PG,10.79,3.13,3.22,32.5,38,14
Devon Dotson,PG,10.63,2.8,3.04,30,38.5,7
Carsen Edwards,PG,10.53,2.82,3.22,28.5,34,14
Tacko Fall,C,13.01,3.46,3.78,22,26.5,8
Bruno Fernando,C,11.29,3.05,3.21,29.5,33.5,13
Daniel Gafford,PF,11.61,3.19,3.25,32.5,36.5,5
Darius Garland,PG,-,-,-,-,-,-
Quentin Grimes,SG,10.83,3.28,3.2,27.5,36,6
Kyle Guy,SG,10.48,3.07,3.27,30.5,36.5,4
Jaylen Hands,PG,10.73,3.03,3.12,33,41.5,6
Jared Harper,PG,10.77,3.02,3.04,33.5,40.5,8
Jaxson Hayes,PF,11.74,3.23,3.37,27,34.5,5
Dewan Hernandez,C,11.46,3.25,3.28,30.5,35.5,13
Tyler Herro,SG,-,-,-,-,-,-
Jalen Hoard,PF,11.44,3.32,3.34,27.5,35.5,8
Talen Horton-Tucker,SG,11.34,3.43,3.34,26,34.5,10
De'Andre Hunter,,-,-,-,-,-,-
DaQuan Jeffries,SF-PF,-,-,-,-,-,-
Ty Jerome,PG,11.21,3.12,3.4,26,31.5,2
Keldon Johnson,SG,-,-,-,-,-,-
Cameron Johnson,SG,10.52,3.28,3.26,30.5,36.5,-
Mfiondu Kabengele,PF,11.21,3.3,3.25,28,35.5,6
Louis King,SF,10.99,3.05,3.28,29,33,0
Romeo Langford,SG,-,-,-,-,-,-
Dedric Lawson,PF,11.8,3.54,3.6,23.5,26,10
Jalen Lecque,PG,11.09,3.3,3.29,35,43,1
Nassir Little,SF,12.15,3.1,3.24,31,38.5,5
Terance Mann,SG-SF,11.51,3.14,3.3,32.5,38.5,6
Cody Martin,PG-SG,10.44,2.99,3.32,28,35.5,7
Charles Matthews,SG,11.26,3.24,3.38,29.5,37.5,9
Jalen McDaniels,SF,11.54,3.23,3.32,29.5,33.5,0
Ja Morant,PG,-,-,-,-,-,-
Zach Norvell Jr.,SG,11.6,3.34,3.43,24,30,-
Jaylen Nowell,SG,10.76,3.13,3.23,32,38.5,2
Jordan Nwora,PF,-,-,-,-,-,-
Chuma Okeke,,-,-,-,-,-,-
KZ Okpala,SF,10.88,3.13,3.38,30.5,37,9
Miye Oni,SG,11.71,3.12,3.17,30.5,38.5,19
Eric Paschall,SF,11.63,3.26,3.3,33,38,18
Reggie Perry,SF-PF,12.46,3.4,3.3,28.5,31.5,15
Shamorie Ponds,PG,11.01,3.07,3.2,29,37,0
Jordan Poole,SG,10.59,3.14,3.27,28,35.5,-
Jontay Porter,PF,-,-,-,-,-,-
Kevin Porter Jr.,SG,10.82,3.03,3.14,27,34,2
Neemias Queta,C,12.04,3.45,3.73,24,32.5,1
Cameron Reddish,SF,-,-,-,-,-,-
Naz Reid,PF,12.03,3.76,3.42,26,32.5,3
Isaiah Roby,PF,10.63,3.05,3.25,32.5,35.5,9
Luka Samanic,PF,11.01,3.03,3.27,27,38,7
Admiral Schofield,SF,10.77,2.87,3.37,30,34,15
Marial Shayok,SF-PF,11.16,3.04,3.37,29.5,36.5,9
Simisola Shittu,PF,11.85,3.24,3.3,27,35.5,11
Killian Tillie,,-,-,-,-,-,-
P.J. Washington,PF,-,-,-,-,-,-
Tremont Waters,PG,10.76,3.11,3.07,30.5,40.5,5
Quinndary Weatherspoon,SG,11.57,3.15,3.16,31,38,-
Coby White,PG,-,-,-,-,-,-
Kris Wilkes,SF,10.39,3.09,3.34,27.5,35,4
Grant Williams,PF,10.83,3.27,3.33,26,31.5,20
Zion Williamson,PF,-,-,-,-,-,-
Dylan Windler,SF,10.7,2.94,3.3,29,37.5,8
Rawle Alkins,SG,11.5,3.09,3.15,32.5,40.5,10
Grayson Allen,SG,10.31,3.04,3.15,32.5,40.5,-
Kostas Antetokounmpo,PF,12.48,3.48,3.21,29.5,35,0
Udoka Azubuike,C,12.97,3.65,3.12,31,31.5,11
Mohamed Bamba,C,-,-,-,-,-,-
Jaylen Barford,PG-SG,11.39,3.21,3.31,27,33,7
Keita Bates-Diop,SG-SF,11.2,3.28,3.17,30.5,35,11
Tyus Battle,SG,11.04,2.87,3.07,32,37.5,9
Brian Bowen,SG-SF,11.58,3.33,3.28,30.5,34,0
Miles Bridges,SF,-,-,-,-,-,-
Bruce Brown,SG-PG,11.11,3.44,3.2,32.5,38,17
Troy Brown,SF,11.51,3.29,3.33,26,33,5
Jalen Brunson,PG,10.59,3.11,3.15,29,37,7
Tony Carr,PG,11.89,3.4,3.17,25,31.5,0
Jevon Carter,PG,11.04,3.05,3.18,29,36.5,14
Wendell Carter,C-PF,-,-,-,-,-,-
Donte DiVincenzo,SG,10.72,3.12,3.11,34.5,42,12
Hamidou Diallo,SG,10.53,3.14,3.1,32.5,40.5,1
Trevon Duval,PG,10.93,3.09,3.18,34,41.5,6
Carsen Edwards,PG,11.59,3.15,3.2,28.5,34.5,12
Keenan Evans,PG,-,-,-,-,-,-
Jacob Evans,SG-SF,11.11,3.14,3.2,28,35.5,8
Bruno Fernando,C,12.19,3.03,3.23,29,35,11
Melvin Frazier,SF-SG,11.24,3.08,3.08,31,40.5,0
Shai Gilgeous-Alexander,PG,-,-,-,-,-,-
Devonte Graham,PG,11.28,3.15,3.21,31,37,14
Isaac Haas,C,-,-,-,-,-,-
Devon Hall,SG,10.95,3.16,3.27,25,31,6
Jaylen Hands,PG,12.11,3.16,3.13,31.5,39.5,6
Kevin Hervey,PF,11.28,3.15,3.36,27.5,32,4
Aaron Holiday,PG,10.96,3.22,3.27,25.5,33,-
Kevin Huerter,SG,10.89,2.97,3.09,31,38,9
Jaren Jackson,PF-C,-,-,-,-,-,-
Justin Jackson,PF,-,-,-,-,-,-
Alize Johnson,PF,11.83,3.28,3.38,25,31,8
George King,SF-SG,10.75,3.08,3.29,31,39,15
Kevin Knox,SF,-,-,-,-,-,-
Sagaba Konate,C,12.28,3.36,3.28,31.5,35,12
Caleb Martin,SF-SG,10.43,2.75,3.26,29,36.5,6
Cody Martin,SG-SF,10.64,3.05,3.09,29,36.5,4
Yante Maten,PF-C,11.35,3.13,3.17,27,31.5,18
Brandon McCoy,C,11.77,3.31,3.23,27.5,32,9
DeAnthony Melton,SG-PG,11.48,3.33,3.23,31,36.5,1
Chimezie Metu,PF-C,11.89,3.25,3.33,29.5,36,5
Shake Milton,SG-PG,11.07,3.19,3.25,30,33,2
Sviatoslav Mykhailiuk,SG-SF,11.25,3.18,3.15,30.5,37,4
Malik Newman,SG,10.9,3.18,3.13,27.5,33.5,-
Josh Okogie,SG,11.08,3.03,3.04,33,42,12
Theo Pinson,SG-SF,11.53,3.11,3.22,27,34,7
Jontay Porter,C-PF,11.9,3.07,3.4,25.5,31,9
Michael Porter,SF-PF,-,-,-,-,-,-
Billy Preston,PF,11.26,3.35,3.2,25,33,0
Jerome Robinson,SG,-,-,-,-,-,-
Collin Sexton,PG,-,-,-,-,-,-
Landry Shamet,PG,11.26,3.21,3.11,31,39.5,8
Anfernee Simons,SG-PG,11.27,3.16,3.1,32,41.5,1
Zhaire Smith,SF-SG,11.02,3.15,3.05,33,41.5,10
Ray Spalding,PF,11.48,3.2,3.34,26,32,12
Omari Spellman,PF-C,12.28,3.35,3.38,28.5,35.5,8
Khyri Thomas,SG,10.96,3.18,3.18,30,35,14
Gary Trent,SG,11.37,2.99,3.12,33.5,39.5,12
Allonzo Trier,SG,11.02,2.97,3.14,32,40,11
Moritz Wagner,C-PF,11.48,3.07,3.18,27,34,8
Lonnie Walker,SG,10.87,2.91,3.06,31.5,40,12
PJ Washington,PF,11.39,3.43,3.2,27,34,3
Austin Wiley,C,12.79,3.27,3.3,28,33.5,14
Kris Wilkes,SF,11.29,3.16,3.24,28,35.5,1
Kenrich Williams,SF,10.86,3.28,3.19,28,33,14
Trae Young,PG,-,-,-,-,-,-
Bam Adebayo,PF-C,11.94,3.24,3.24,33.5,38.5,12
Rawle Alkins,SG-SF,11.99,3.18,3.3,31.5,40.5,7
Jarrett Allen,C,11.82,3,3.21,31.5,35.5,4
Kadeem Allen,PG,11.24,2.98,3.15,33,35.5,7
Ike Anigbogu,C,12.52,3.48,3.44,29.5,32.5,11
OG Anunoby,SF,-,-,-,-,-,-
Jamel Artis,SG-SF,11.62,3.08,3.44,23.5,31,5
Dwayne Bacon,SG-SF,11.7,3.22,3.22,30,36.5,8
V.J. Beachem,SG-SF,11.18,3.19,3.26,30,37,11
Jordan Bell,PF,10.63,2.83,3.21,31.5,38,16
Jaron Blossomgame,SF,11.47,3.35,3.17,31,35.5,16
Chris Boucher,PF,-,-,-,-,-,-
Tony Bradley,C,11.79,2.99,3.44,24.5,27.5,5
Isaiah Briscoe,PG,10.95,2.85,3.38,28,33.5,11
Dillon Brooks,SG-SF,11.14,3.24,3.21,31,37.5,16
Thomas Bryant,PF-C,11.42,3.12,3.37,25.5,33,7
Zach Collins,PF-C,-,-,-,-,-,-
John Collins,PF,11.66,3.27,3.27,33,37.5,15
Hamidou Diallo,SG-SF,10.88,2.79,3.11,34.5,44.5,0
Tyler Dorsey,SG,10.55,2.98,3.16,30.5,36,8
Damyean Dotson,SG-SF,11.18,3.03,3.13,31.5,38,13
PJ Dozier,SG,10.84,2.98,3.15,34,39,9
Jawun Evans,PG,11.34,3.26,3.21,27.5,33.5,1
Terrance Ferguson,SG-SF,11.16,3.22,3.32,28.5,38,-
De?Aaron Fox,PG,-,-,-,-,-,-
Markelle Fultz,PG,-,-,-,-,-,-
Harry Giles,PF,11.08,3,3.34,27,32.5,5
Josh Hart,SG-SF,11.15,3.02,3.18,27.5,35.5,9
Nigel Hayes,PF,11.81,2.94,3.27,29,33.5,16
Isaiah Hicks,PF,12.31,3.31,3.36,31.5,37,11
Wesley Iwundu,SG-SF,11.25,3.23,3.36,31.5,36,5
Frank Jackson,PG,10.94,2.7,3.14,34.5,42,9
Justin Jackson (UMD),SF,11.78,3.08,3.43,26.5,31.5,-
Justin Jackson (UNC),SF,10.8,3.06,3.3,29.5,35.5,-
Peter Jok,SG-SF,11.34,2.93,3.41,26.5,31,-
Luke Kennard,SG-SF,-,-,-,-,-,-
Kyle Kuzma,SF-SG,10.72,2.98,3.25,27,34,12
TJ Leaf,PF,11.55,3.27,3.27,29,34.5,6
Tyler Lydon,PF,11.68,2.81,3.46,29.5,33.5,1
Frank Mason III,PG,11.41,3.09,3.18,34,41,15
Kennedy Meeks,C,12.91,3.35,3.5,28,30.5,15
Donovan Mitchell,SG,11.53,3.07,3.01,36.5,40.5,10
Monte Morris,PG,11,3.2,3.19,28,33.5,8
Johnathan Motley,PF,-,-,-,-,-,-
Svi Mykhailiuk,SG-SF,12.4,3.25,3.53,27,33,8
Semi Ojeleye,SF-SG,10.58,3.07,3.16,35,40.5,19
Cameron Oliver,PF,12.17,3.31,3.16,28,39.5,5
Justin Patton,C,11.8,3.31,3.46,26,30.5,-
Alec Peters,PF,-,-,-,-,-,-
Ivan Rabb,PF,12.68,3.23,3.35,28.5,32.5,3
Davon Reed,SG-SF,11.37,3.21,3.34,28.5,36,12
Devin Robinson,SF,12.85,3.61,3.23,35.5,41.5,10
Kobi Simmons,PG,11.15,2.98,3.18,30.5,38.5,3
Edmond Sumner,PG,-,-,-,-,-,-
Caleb Swanigan,PF,-,-,-,-,-,-
Sindarius Thornwell,SG-SF,11.48,3.03,3.36,27,30.5,15
Melo Trimble,PG,10.75,2.92,3.27,24.5,32,6
Moritz Wagner,PF,12,2.98,3.35,25.5,32.5,-
Derrick Walton Jr.,PG,11.28,3.12,3.29,26,32.5,9
Thomas Welsh,PF-C,-,-,-,-,-,11
Derrick White,PG,10.84,2.92,3.08,31,36.5,10
Nigel Williams-Goss,PG,10.42,3.08,3.19,27.5,34.5,10
D.J. Wilson,PF,-,-,-,-,-,-
Omer Yurtseven,C,12.85,3.3,3.45,26,31.5,6
Ron Baker,SG,10.77,2.96,3.45,30,35.5,-
Wade Baldwin IV,PG,10.45,3.01,3.19,32.5,38,-
Cat Barber,PG,-,-,-,-,-,-
Malik Beasley,SG,-,0,-,-,-,-
DeAndre Bembry,SG-SF,10.9,2.87,3.17,32,38,-
Ben Bentil,PF,11.16,3.1,3.3,29,33,-
Jaron Blossomgame,SF,11.53,3.26,3.2,35,41,-
Joel Bolomboy,PF,10.26,2.86,3.17,37.5,40.5,-
Malcolm Brogdon,SG,10.77,2.64,3.31,30.5,35.5,-
Jaylen Brown,SG-SF,-,-,-,-,-,-
Marquese Chriss,PF,11.93,3.05,3.26,32.5,38.5,-
Elgin Cook,SF,-,-,-,-,-,-
Isaiah Cousins,PG,10.79,2.97,3.24,30.5,37,-
Deyonta Davis,PF,-,-,-,-,-,-
Cheick Diallo,PF,11.24,3.3,3.26,31,35,-
Kris Dunn,PG,-,-,-,-,-,-
Henry Ellenson,PF,-,-,-,-,-,-
Perry Ellis,PF,10.73,3.03,3.13,32,38,-
Kay Felder,PG,11.52,2.9,3.15,35.5,44,-
Dorian Finney-Smith,SF,11.01,3.04,3.27,32.5,35.5,-
Michael Gbinije,SG,11,3.19,3.12,33.5,37.5,-
Daniel Hamilton,SG-SF,11.48,3.2,3.4,26,29,-
Josh Hart,SG,11.15,3.15,3.2,29.5,38.5,-
Nigel Hayes,SF-PF,12.11,2.9,3.2,25.5,28.5,-
Buddy Hield,SG,-,-,-,-,-,-
Justin Jackson,SF,11.32,2.96,3.26,29.5,34.5,-
Demetrius Jackson,PG,10.81,2.87,3.25,37.5,43.5,-
Brice Johnson,PF,11.88,2.94,3.2,33.5,38,-
Damian Jones,C,11.35,3.12,3.2,36,37,-
Skal Labissiere,PF-C,-,-,-,-,-,-
Jake Layman,SF,11.35,2.82,3.24,33,39.5,-
Caris LeVert,SG,-,-,-,-,-,-
Marcus Lee,PF-C,11.68,3.19,3.25,28.5,35.5,-
Thon Maker,PF,11.15,3.09,3.33,32,36.5,-
Patrick McCaw,PG-SG,11.01,2.97,3.3,30,38,-
Malik Newman,SG,10.88,3.11,3.28,30,35.5,-
Georges Niang,PF,11.64,3.17,3.49,25,31,-
Chinanu Onuaku,C,11.65,3,3.5,27.5,33.5,-
Marcus Paige,PG,10.82,2.69,3.15,33.5,39.5,-
Gary Payton II,PG,11.57,3.17,3.23,31.5,38.5,-
Jakob Poeltl,C,-,-,-,-,-,-
Taurean Prince,SF,10.96,2.8,3.24,34,36,-
Zhou Qi,PF-C,11.27,2.9,3.46,31.5,32,-
Malachi Richardson,SG-SF,10.56,3.25,3.33,33,38,-
Wayne Selden,SG,-,-,-,-,-,-
Pascal Siakam,PF,11.25,3.09,3.41,30.5,36.5,-
Diamond Stone,C,12.02,3.22,3.5,27,29.5,-
Caleb Swanigan,PF,12.8,-,-,26,29,-
Melo Trimble,PG,10.57,2.77,3.2,26.5,35.5,-
Tyler Ulis,PG,10.8,2.88,3.2,32.5,38,-
Jarrod Uthoff,PF,11.52,3.03,3.5,29,34.5,-
Denzel Valentine,SG-SF,10.51,3.22,3.46,27,32,-
Isaiah Whitehead,PG-SG,11.65,3.21,3.34,27.5,35.5,-
Troy Williams,SF,10.72,3.08,3.35,30,36,-
Kyle Wiltjer,PF,11.35,3.04,3.48,28.5,35.5,-
Stephen Zimmerman,C,12.08,3.16,3.43,26,31,-
Cliff Alexander,PF-C,-,-,-,-,-,-
Justin Anderson,SF-SG,11.13,2.88,3.22,38,43,12
Brandon Ashley,PF,11.21,3.35,3.58,31.5,35.5,9
Ryan Boatright,PG,10.71,3.05,3.26,32,41,10
Devin Booker,SG,10.27,2.75,3.28,27.5,34.5,8
Anthony Brown,SF-SG,10.94,3.29,3.18,27.5,34.5,4
Willie Cauley-Stein,C,-,-,-,-,-,-
Rakeem Christmas,PF-C,11.6,3.3,3.47,29,32,9
Pat Connaughton,SG,10.58,3.08,3.2,37.5,44,13
Quinn Cook,PG,11.44,3.41,3.38,24.5,31,14
Branden Dawson,PF,12.22,3.53,3.2,28.5,34.5,12
Sam Dekker,SF,10.64,2.96,3.28,25.5,34.5,5
Michael Frazier II,SG,10.66,3.02,3.32,27,35,10
Treveon Graham,SF,11.64,3.15,3.3,28.5,31.5,11
Jerian Grant,PG,-,-,-,-,-,-
Olivier Hanlan,PG-SG,11.41,3.12,3.25,28,34,19
Montrezl Harrell,PF,-,-,-,-,-,-
Andrew Harrison,PG,11.2,-,3.34,26.5,33,-
Aaron Harrison,SG,-,-,3.27,28.5,34.5,1
Tyler Harvey,SG,10.56,2.93,3.44,26,28.5,1
Corey Hawkins,SG-PG,10.81,-,3.51,28.5,34,9
Rondae Hollis-Jefferson,SF,10.41,3.19,3.12,32,38,13
Richaun Holmes,PF,11.24,3.31,3.32,32.5,36,15
Jonathan Holmes,PF-SF,10.95,3.12,3.51,25.5,31,-
R.J. Hunter,SG,10.87,2.91,3.26,27.5,33.5,1
Vince Hunter,PF,11.19,3.06,3.26,33.5,37.5,13
Dakari Johnson,C,11.76,2.94,3.62,22.5,25,4
Stanley Johnson,SF,-,-,-,-,-,-
Tyus Jones,PG,11.84,2.95,3.32,26.5,32.5,2
Frank Kaminsky,C-PF,-,-,-,-,-,-
Kevon Looney,PF,-,-,-,-,-,-
Trey Lyles,PF,-,-,-,-,-,-
Jarell Martin,PF,11.2,2.97,3.27,28.5,35,19
TJ McConnell,PG,10.95,3.09,3.3,26,31.5,7
Chris McCullough,PF,-,-,-,-,-,-
Jordan Mickey,PF,11.72,3.13,3.28,33,37.5,9
Larry Nance,PF,10.93,3.01,3.25,29,37.5,10
Kelly Oubre,SF-SG,11.09,3.12,3.32,34.5,37,7
Cameron Payne,PG,10.9,2.93,3.28,29.8,35.5,0
Terran Petteway,SG,10.91,3.1,3.32,25,31,15
Bobby Portis,PF,11.78,3.28,3.56,25,31.5,5
Norman Powell,SG,10.69,3.2,3.2,32.5,40.5,5
Michael Qualls,SG-SF,11.88,-,3.18,34,39.5,9
Chasson Randle,PG,10.63,2.81,3.2,33.5,39.5,6
Terry Rozier,PG-SG,10.84,2.84,3.15,33,38,7
D?Angelo Russell,PG-SG,-,-,-,-,-,-
Keifer Sykes,PG,10.47,3.15,3.13,34,43,8
Marcus Thornton,PG-SG,10.78,2.88,3.02,34.5,43,3
J.P. Tokoto,SF-SG,10.97,3.2,3.27,34.5,40,12
Myles Turner,C-PF,-,-,-,-,-,-
Robert Upshaw,C,-,-,-,-,-,-
Rashad Vaughn,SG,11.4,3.1,3.21,28,34,5
Chris Walker,PF,11.25,3.41,3.35,30.5,37,6
Dez Wells,SG,10.56,3.05,3.2,31.5,39,15
Alan Williams,PF,12.26,3.54,3.5,25.5,28.5,8
Justise Winslow,SF,-,-,-,-,-,-
Christian Wood,PF,-,-,-,-,-,-
Delon Wright,PG,11.16,3.5,3.29,29.5,31,4
Jordan Adams,SG,12.13,3.05,3.5,24.5,29.5,-
Kyle Anderson,SF,-,-,-,-,-,-
Thanasis Antetokounmpo,SF,11.39,3.05,3.18,31.5,39.5,-
Jordan Bachynski,PF,12.15,3.03,3.36,29,33,-
Cameron Bairstow,PF,11.39,3.09,3.37,31,33.5,-
Khem Birch,PF,11.6,3.24,3.26,30.5,35.5,-
Alec Brown,PF,12.05,2.91,3.48,27,30,-
Markel Brown,SG,12.62,2.9,3.18,36.5,43.5,-
Jabari Brown,SG,11.6,3.26,3.5,28,32,-
Deonte Burton,PG,11.28,3.08,3.28,29,39.5,-
Semaj Christon,PG,11.55,3.21,3.32,30.5,36.5,-
Jordan Clarkson,PG,10.76,2.98,3.28,33,38.5,-
Aaron Craft,PG,10.78,2.9,3.26,29,32,-
DeAndre Daniels,SF,11.46,3.04,3.44,26.5,32,-
Spencer Dinwiddie,PG,-,-,-,-,-,-
Cleanthony Early,SF,11.15,2.96,3.18,34,40,-
Melvin Ejim,SF,11.55,3.12,3.14,29.5,35,-
Tyler Ennis,PG,11.12,2.84,3.3,29,36,-
Dante Exum,SG,10.75,2.88,3.19,31.5,34.5,-
C.J. Fair,SF,11,3.06,3.32,27,35,-
Aaron Gordon,PF,10.81,2.76,3.27,32.5,39,-
Jerami Grant,SF,-,-,-,-,-,-
P.J. Hairston,SG,11.12,-,3.32,32,37,-
Gary Harris,SG,-,-,-,-,-,-
Joe Harris,SG,11.11,2.92,3.31,28.5,33.5,-
Rodney Hood,SF,11.21,3.14,3.38,29,36,-
Cory Jefferson,PF,12.63,3.39,3.36,33,37.5,-
Nick Johnson,SG,10.8,2.95,3.27,33.5,41.5,-
Sean Kilpatrick,SG,-,-,-,-,-,-
Alex Kirk,PF,11.2,3.19,3.48,28.5,31.5,-
Zach LaVine,PG,10.42,2.8,3.19,33.5,41.5,-
Devyn Marble,SG,11.32,3.08,3.28,29,35,-
James McAdoo,PF,11.61,2.91,3.28,29.5,34,-
K.J. McDaniels,SF,12.71,3.2,3.1,33,37,-
Doug McDermott,SF,11.1,3.15,3.29,28.5,36.5,-
Jordan McRae,SG,11.07,3.15,3.39,27.5,34.5,-
Shabazz Napier,PG,11.6,3.13,3.2,30.5,37.5,-
Johnny O?Bryant III,PF,11.57,3.32,3.45,31,35.5,-
Lamar Patterson,SG,11.63,3.13,3.45,27.5,32.5,-
Adreian Payne,PF,-,-,-,-,-,-
Elfrid Payton,PG,11.06,2.92,3.23,31.5,35.5,-
Dwight Powell,PF,11.28,2.88,3.2,28.5,35,-
Julius Randle,PF,11.45,3.14,3.27,29,35.5,-
Glenn Robinson III,SF,11.22,3.04,3.15,36.5,41.5,-
LaQuinton Ross,SF,11.97,3.52,3.44,25,31,-
Marcus Smart,PG,10.82,2.96,3.26,33,36,-
Russ Smith,PG,11.57,3.01,3.27,29.5,34,-
Nik Stauskas,SG,10.79,2.92,3.27,29,35.5,-
Jarnell Stokes,PF,11.92,3.2,3.26,31,36,-
Xavier Thames,PG,11.48,3.02,3.48,29,32.5,-
Noah Vonleh,PF,11.45,3.29,3.28,31,37,-
T.J. Warren,SF,11.1,3.04,3.26,27,35.5,-
C.J. Wilcox,SG,11.3,2.92,3.22,31,37.5,-
Kendall Williams,PG,10.83,2.85,-,27,33,-
Patric Young,PF,11.18,3.06,3.43,32,37.5,-
James Young,SG,-,-,-,28,35.5,-
Steven Adams,C,11.85,3.02,3.4,28.5,33,16
Vander Blue,SG,10.4,2.7,3.14,28,37.5,4
Lorenzo Brown,PG,11.78,3.24,3.4,28,34,8
Reggie Bullock,SG-SF,11.33,3.3,3.31,31,36.5,11
Trey Burke,PG,11.2,3.01,3.16,29.5,36.5,3
Kentavious Caldwell-Pope,SG,10.6,3.2,3.12,29,34.5,7
Isaiah Canaan,PG,10.98,2.89,3.22,33,40.5,16
Jackie Carmichael,PF,11.83,3.07,3.35,30,32,13
Michael Carter-Williams,PG,10.68,3.7,3.22,31.5,41,8
Will Clyburn,SF-SG,11.68,3.12,3.38,28,34.5,3
Robert Covington,SF-PF,11.69,3.1,3.34,29.5,36,9
Allen Crabbe,SG,10.67,3.1,3.32,30.5,36,10
Seth Curry,SG,-,-,-,-,-,-
Brandon Davies,PF,11.22,3.14,3.5,26,31.5,7
Dewayne Dedmon,C,12.75,3.26,3.4,28,32.5,8
Gorgui Dieng,C,-,-,-,-,-,-
James Ennis,SF,11.55,3.06,3.4,29.5,36.5,7
Carrick Felix,SF-SG,11.16,3.09,3.25,32,38.5,15
Jamaal Franklin,SG-SF,-,-,-,-,-,-
Rudy Gobert,C,12.85,3.19,3.57,25,29,7
Archie Goodwin,SG,10.75,3.41,3.27,30,36,1
Erick Green,PG,-,-,-,-,-,5
Tim Hardaway Jr.,SG,10.68,2.93,3.25,31.5,37.5,16
Solomon Hill,SF,10.77,2.91,3.19,29.5,37.5,14
Richard Howell,PF,-,-,-,-,-,-
Colton Iverson,C,11.52,3.04,3.52,26.5,30,12
Pierre Jackson,PG,-,-,-,-,-,-
Grant Jerrett,PF,11.85,3.23,3.51,28.5,34,2
Myck Kabongo,PG,10.64,2.86,3.44,27.5,33.5,2
Kenny Kadji,PF-C,11.47,2.88,3.44,34,38,9
Ryan Kelly,PF,-,-,-,-,-,-
Shane Larkin,PG,10.64,3.03,3.08,34.5,44,12
Ricky Ledo,SG,10.72,3.16,3.32,27,33.5,4
Alex Len,C,-,-,-,-,-,-
CJ Leslie,PF-SF,10.19,2.79,3.1,32.5,40.5,-
Trevor Mbakwe,PF,12.01,2.97,3.32,30,36.5,21
Ray McCallum,PG,10.82,3.08,3.25,30.5,40,5
CJ McCollum,PG-SG,11.02,2.91,3.32,32,38.5,13
Ben McLemore,SG,11.87,3.11,3.27,32.5,42,6
Tony Mitchell,PF-SF,11.82,3.25,3.52,33.5,38,13
Shabazz Muhammad,SF-SG,10.99,2.93,3.32,29.5,37,10
Erik Murphy,PF,12.19,2.96,3.57,24.5,29.5,13
Mike Muscala,C-PF,11.76,2.99,3.44,28,33.5,5
Nerlens Noel,C,-,-,-,-,-,-
Victor Oladipo,SG,10.69,3.14,3.25,33,42,15
Kelly Olynyk,PF-C,11.42,2.99,3.59,24.5,29.5,5
Brandon Paul,SG,11.16,2.9,3.37,33.5,39.5,15
Norvel Pelle,PF-C,11.49,3.2,3.32,31,34.5,0
Mason Plumlee,C-PF,10.89,2.76,3.29,30.5,36,14
Otto Porter,SF,11.25,3.06,3.4,27,36,9
Phil Pressey,PG,10.86,3.02,3.13,33,38.5,7
Glen Rice,SF-SG,10.99,3.08,3.25,33,40.5,10
Andre Roberson,PF-SF,11.36,3.02,3.34,30,36.5,10
Dennis Schroder,PG,11.09,2.86,3.21,30,34,1
Peyton Siva,PG,10.59,2.93,3.16,33.5,41.5,15
Tony Snell,SF-SG,11.36,2.84,3.25,30,36.5,7
James Southerland,SF-PF,10.9,3.03,3.38,29,32,5
Adonis Thomas,SF,11.64,3.11,3.32,34.5,40.5,13
Deshaun Thomas,SF,12.94,3.38,3.53,28.5,32,5
Jeff Withey,C,12.49,3.29,3.47,26.5,29,10
Nate Wolters,PG,-,-,-,-,-,8
BJ Young,SG-PG,-,-,-,-,-,-
Cody Zeller,C-PF,10.82,2.69,3.15,35.5,37.5,17
Quincy Acy,PF,10.48,-,3.28,32,37,13
Harrison Barnes,SF-SG,10.93,-,3.16,38,39.5,15
Will Barton,SG-SF,12.5,-,3.6,30,34,0
Bradley Beal,SG,10.95,-,3.28,33,39,8
J'Covan Brown,PG,11.68,-,3.47,26,29.5,3
William Buford,SG-SF,11.4,-,3.43,27.5,32.5,8
Jae Crowder,SF,11.45,-,3.37,31,34.5,20
Jared Cunningham,SG-PG,-,-,-,-,-,4
Anthony Davis,PF-C,-,-,-,-,-,-
Marcus Denmon,SG,10.82,-,3.19,33.5,40,8
Andre Drummond,C,10.83,-,3.39,31.5,33.5,10
Kim English,SG,10.59,-,3.33,29,36.5,-
Festus Ezeli,C-PF,12.35,-,3.29,34,33.5,18
Drew Gordon,PF,11.35,-,3.49,29,34,10
JaMychal Green,PF,10.63,-,3.38,29.5,32.5,19
Draymond Green,PF-SF,11.01,-,3.4,28,33,9
Maurice Harkless,SF,10.87,-,3.25,32.5,37,5
John Henson,PF,-,-,-,25.5,30,5
Tu Holloway,PG,11,-,3.42,28,35,12
Robbie Hummel,SF,11.56,-,3.41,27.5,30,13
Bernard James,PF,11.84,-,3.4,30,32.5,6
John Jenkins,SG,11.36,-,3.37,30.5,36.5,10
Orlando Johnson,SG,10.98,-,3.25,32,39.5,13
Darius Johnson-Odom,SG,10.76,-,3.21,33.5,41.5,17
Terrence Jones,PF-SF,11.57,-,3.4,29.5,34.5,12
Kevin Jones,PF,11.94,-,3.6,27.5,32.5,17
Perry Jones,PF-SF,11.31,-,3.19,33,38.5,11
Kris Joseph,SG,-,-,3.46,28.5,35,6
Michael Kidd-Gilchrist,SF,11.77,-,3.18,32,35.5,6
Doron Lamb,SG-PG,11.12,-,3.41,29,33.5,2
Jeremy Lamb,SG,10.98,-,3.25,31.5,38,5
Meyers Leonard,C,11.34,-,3.41,30,32.5,19
Damian Lillard,PG,11.15,-,3.34,34.5,39.5,13
Scott Machado,PG,11.26,-,3.3,27,32.5,17
Kendall Marshall,PG,12.03,-,3.23,31,37,-
Fab Melo,C,12.14,-,3.44,29.5,31,9
Khris Middleton,SF,11.45,-,3.47,28,31,4
Darius Miller,SF-SG,11.34,-,3.31,33,37,14
Quincy Miller,SF,11.05,-,3.48,30.5,36,8
Tony Mitchell,SG,11.72,-,3.47,31.5,40,14
Arnett Moultrie,PF,11.32,-,3.22,33.5,37.5,10
Kevin Murphy,SG,10.97,-,3.42,31,36.5,11
Andrew Nicholson,PF,11.89,-,3.67,28.5,30.5,10
Kyle O'Quinn,PF,11.65,-,3.53,31.5,31.5,-
Miles Plumlee,PF-C,10.64,-,3.36,34,40.5,15
Austin Rivers,SG-PG,11.54,-,3.32,32.5,37.5,1
Thomas Robinson,PF,11.96,-,3.17,28.5,35.5,15
Terrence Ross,SG-SF,11.78,-,3.28,31,37.5,2
Tomas Satoransky,PG-SG,-,-,-,-,-,-
Mike Scott,PF,11.59,-,3.44,27,32.5,14
Henry Sims,C-PF,12.33,-,3.44,26.5,29.5,7
Jared Sullinger,PF,12.77,-,3.81,29.5,31,9
Tyshawn Taylor,PG,11.48,-,3.2,32,36.5,0
Jordan Taylor,PG,10.57,-,3.19,33,36.5,14
Jeff Taylor,SF-SG,10.87,-,3.29,33.5,40,15
Marquis Teague,PG,10.65,-,3.19,32.5,40.5,8
Hollis Thompson,SF,11.72,-,3.38,28.5,36.5,6
Dion Waiters,SG,-,-,-,-,-,-
Royce White,PF,-,-,-,-,-,-
Tony Wroten,PG,10.75,-,3.24,30,35.5,0
Tyler Zeller,PF-C,11.13,-,3.4,30,34,16
Keith Benson,C-PF,11.88,-,3.35,31.5,36,12
Marshon Brooks,SG,10.74,-,3.09,34,38.5,5
Alec Burks,SG,10.96,-,3.17,29,36,5
Jimmy Butler,SF,11.12,-,3.15,32,39,14
Norris Cole,PG,10.07,-,3.22,29.5,38.5,11
Jon Diebler,SG,10.94,-,3.37,28,35,2
Michael Dunigan,PF-C,11.85,-,3.27,29.5,34.5,10
LaceDarius Dunn,SG,11.45,-,3.27,26.5,31,3
Kenneth Faried,PF,11.35,-,3.26,30.5,35,16
James Fredette,PG,10.42,-,3.21,28,33,14
Andrew Goudelock,PG,10.33,-,3.1,32.5,37,4
Jordan Hamilton,SF,11.47,-,3.3,25,32,7
Justin Harper,PF-SF,11.92,-,3.3,28.5,33,19
Tobias Harris,SF-PF,10.96,-,3.17,31.5,37.5,12
Tyler Honeycutt,SF,11.68,-,3.07,30,37,-
Scotty Hopson,SG,10.47,-,3.18,32.5,36,10
Kyrie Irving,PG,-,-,-,-,-,-
Rick Jackson,PF,11.51,-,3.26,28.5,33,9
Charles Jenkins,PG-SG,11.68,-,3.18,29.5,34,16
JaJuan Johnson,PF,11.21,-,3.14,33.5,38,15
Cory Joseph,PG,10.75,-,3.27,27.5,35,5
Enes Kanter,PF-C,11.3,-,3.26,26,32.5,14
Brandon Knight,PG,10.74,-,3.07,29,37.5,10
Malcolm Lee,SG,11.2,-,3.09,30,35.5,17
Kawhi Leonard,SF,11.45,-,3.15,25.5,32,3
Travis Leslie,SG,11,-,3.13,33,40.5,10
Jon Leuer,PF,10.82,-,3.36,29.5,36.5,14
DeAndre Liggins,SF-SG,-,-,3.33,27,31,6
David Lighty,SG,10.81,-,3.25,28.5,33,15
Shelvin Mack,PG,11.23,-,3.18,32,39,17
Demetri McCamey,PG,11.55,-,3.19,27,33,-
E'Twaun Moore,SG,11.12,-,3.31,32,34.5,-
Marcus Morris,PF-SF,-,-,3.15,29,33,11
Markieff Morris,PF,-,-,3.4,27,31.5,11
Darius Morris,PG-SG,11,-,3.2,24.5,32,12
Chandler Parsons,SF,11.05,-,3.29,25.5,31.5,4
Jereme Richmond,SF,11.74,-,3.02,27,33.5,0
Josh Selby,SG-PG,11.13,-,3.2,29.5,42,5
Iman Shumpert,PG-SG,11.1,-,3.18,36.5,42,18
Kyle Singler,SF,11.22,-,3.21,23,30,10
Chris Singleton,SF,11.33,-,3.09,30.5,37.5,15
Jamie Skeen,PF,12.43,-,3.46,26,30.5,10
Nolan Smith,PG,11.05,-,3.17,28.5,34,9
Gregory Smith,PF-C,12.43,-,3.36,29.5,36,17
Malcolm Thomas,PF,11.31,-,3.29,32,36.5,3
Isaiah Thomas,PG,10.49,-,3.14,31.5,40,13
Trey Thompkins,PF,11.72,-,3.41,27.5,30.5,15
Tristan Thompson,PF,10.92,-,3.26,30,35,9
Klay Thompson,SG,10.99,-,3.24,26.5,31.5,5
Jeremy Tyler,PF-C,11.26,-,3.29,28,33.5,10
Nikola Vucevic,PF-C,12.02,-,3.27,23.5,25,8
Kemba Walker,PG,10.87,-,3.16,32,39.5,7
Jordan Williams,PF,12.74,-,3.45,25,30.5,10
Derrick Williams,PF-SF,11.03,-,3.23,29,34.5,19
Solomon Alabi,C,13.2,-,3.68,22.5,26,10
Cole Aldrich,C,11.48,-,3.35,23,28,10
Al-Farouq Aminu,SF,11.29,-,3.3,27,33.5,13
James Anderson,SF,11.86,-,3.19,30,35.5,14
Luke Babbitt,SF-PF,10.98,-,3.4,29.5,37.5,15
Eric Bledsoe,PG,-,-,-,-,-,9
Trevor Booker,PF,11.15,-,3.1,31,36,22
Craig Brackins,PF-SF,11.65,-,3.39,26,35,6
Avery Bradley,SG-PG,11.47,-,3.14,31.5,37.5,2
Derrick Caracter,PF,12.78,-,3.61,25,30.5,22
Sherron Collins,PG,12.31,-,3.24,27.5,33,-
DeMarcus Cousins,C,11.4,-,3.55,23.5,27.5,-
Jordan Crawford,SG,11.03,-,3.37,31.5,34.5,7
Ed Davis,PF,11.7,-,3.21,31,36,-
Devin Ebanks,SF,11.69,-,3.44,23.5,32,6
Derrick Favors,PF,11.74,-,3.25,31.5,35.5,14
Keith Gallon,PF-C,13.44,-,3.7,23.5,28.5,14
Charles Garcia,SF,11.65,-,3.23,24.5,30.5,2
Paul George,SF,-,-,-,-,-,4
Luke Harangody,PF,11.83,-,3.41,24,28.5,23
Manny Harris,SG,-,-,-,-,-,11
Lazar Hayward,SG-SF,10.87,-,3.31,31,36,15
Gordon Hayward,SF,11.73,-,3.22,30.5,34.5,10
Xavier Henry,SG,11.1,-,3.18,28.5,36.5,8
Darington Hobson,SG-SF,11.68,-,3.25,29,34,-
Damion James,SF,10.89,-,3.2,29,33,13
Wesley Johnson,SF,11.43,-,3.14,32,37,16
Armon Johnson,PG-SG,11.25,-,3.19,31.5,38.5,18
Dominique Jones,SG,10.88,-,3.31,26,32.5,19
Jerome Jordan,C,-,-,-,-,-,-
Sylven Landesberg,SG,11.59,-,3.36,28,32,8
Gani Lawal,PF,11.61,-,3.24,27,31.5,20
Greg Monroe,PF-C,12.1,-,3.35,25,29,15
Daniel Orton,C,12.32,-,3.39,24,30.5,13
Artsiom Parakhouski,C,12.07,-,3.33,25.5,26.5,16
Patrick Patterson,PF,11.14,-,3.25,28.5,33.5,17
Dexter Pittman,PF-C,-,-,-,-,-,-
Andy Rautins,SG,11.27,-,3.49,23.5,30.5,8
Ryan Richards,PF,11.33,-,3.37,25,28.5,4
Stanley Robinson,SF,11.65,-,3.23,-,37.5,6
Larry Sanders,PF-C,12.49,-,3.27,25.5,28,7
Jon Scheyer,PG-SG,-,-,-,-,-,-
Lance Stephenson,SG,11.39,-,3.38,27,33,10
Mikhail Torrance,PG,11.43,-,3.17,23,32,8
Evan Turner,SG,11.06,-,3.27,27.5,34.5,9
Ekpe Udoh,PF,11.15,-,3.29,31,33.5,10
Jarvis Varnado,PF-C,11.61,-,3.37,29.5,32.5,3
Greivis Vasquez,PG-SG,-,-,-,-,-,-
John Wall,PG,10.84,-,3.14,30,39,-
Willie Warren,SG-PG,11.21,-,3.5,23,31.5,10
Terrico White,SG-PG,11.38,-,3.15,31,40,10
Hassan Whiteside,C-PF,11.83,-,3.54,27,31.5,12
Jeff Adrien,PF,11.34,-,3.32,27.5,31.5,16
Jeff Ayres,PF,11.98,-,3.14,31,35,15
Rodrigue Beaubois,PG,10.49,-,3.15,29.5,39,3
DeJuan Blair,PF,11.5,-,3.45,26,33,18
Derrick Brown,SF-PF,11.26,-,3.13,30.5,35.5,20
Chase Budinger,SF-SG,11.08,-,3.24,29.5,38.5,10
DeMarre Carroll,PF-SF,-,-,-,-,-,-
Omri Casspi,SF,11.15,-,3.28,25.5,32.5,2
Dionte Christmas,SG,10.83,-,3.21,27,33.5,3
Earl Clark,SF-PF,11.17,-,3.35,28.5,33,5
Darren Collison,PG,10.45,-,3.1,30.5,33.5,9
Dante Cunningham,PF,11.18,-,3.26,28,35,18
Stephen Curry,PG-SG,11.07,-,3.28,29.5,35.5,10
Austin Daye,SF-PF,12.11,-,3.55,25,28,0
DeMar DeRozan,SG-SF,11.88,-,3.31,29,38.5,5
Toney Douglas,PG,10.63,-,3.03,28,32.5,15
Wayne Ellington,SG,11.14,-,3.2,31.5,38,13
Tyreke Evans,PG-SG,11.81,-,3.17,28.5,34,7
Jonny Flynn,PG,10.86,-,3.23,33,40,10
Taj Gibson,PF,11.56,-,3.41,25.5,30,12
Danny Green,SG-SF,11.3,-,3.3,29,33,15
Blake Griffin,PF,10.95,-,3.28,32,35.5,22
Tyler Hansbrough,PF,11.12,-,3.27,27.5,34,18
James Harden,SG,11.1,-,3.13,31.5,37,17
Gerald Henderson,SG-SF,11.17,-,3.14,31.5,35,8
Josh Heytvelt,PF-C,11.67,-,3.38,28.5,34,15
Jordan Hill,PF-C,12.23,-,3.3,31,35,11
Jrue Holiday,PG-SG,10.64,-,3.21,28.5,34,6
Joe Ingles,SF,10.66,-,3.3,26,31,3
James Johnson,SF-PF,11.21,-,3.23,30.5,35,18
Ty Lawson,PG,10.98,-,3.12,29,36.5,14
Eric Maynor,PG,10.78,-,3.19,28.5,31.5,8
Jack McClinton,SG-PG,10.44,-,3.21,30,36.5,13
Jerel McNeal,SG,10.61,-,3.25,31.5,36.5,10
Jodie Meeks,SG,10.96,-,3.1,28.5,37,14
Patty Mills,PG,10.87,-,3.1,27.5,33,8
Byron Mullens,C,11.1,-,3.45,28.5,32.5,10
A.J. Price,PG,10.99,-,3.22,26,31,11
Tyler Smith,SF,10.69,-,3.24,29,33.5,10
DaJuan Summers,SF,10.94,-,3.17,29.5,34.5,15
Jermaine Taylor,SG,11.54,-,3.32,34,37.5,16
Jeff Teague,PG,11.05,-,3.18,30.5,36.5,13
Hasheem Thabeet,C,-,-,-,-,-,-
Marcus Thornton,SG,10.73,-,3.28,31,33,14
Terrence Williams,SG-SF,11.15,-,3.18,30.5,37,9
Sam Young,SF-SG,11.47,-,3.45,27.5,33,-
Joe Alexander,SF-PF,11.33,-,2.99,32.5,38.5,24
Darrell Arthur,PF,12.18,-,3.14,28.5,30,12
D.J. Augustin,PG,11.27,-,3.07,28.5,35,2
Jerryd Bayless,PG-SG,11.26,-,3.07,31,38,10
Michael Beasley,PF-SF,11.06,-,3.24,30,35,19
Ramel Bradley,PG-SG,10.68,-,3.24,24.5,29.5,9
Tyrone Brazelton,PG,11.59,-,3.25,30,34,8
Takais Brown,PF,12.47,-,3.25,29,31,22
Keith Brumbaugh,SF-PF,11.65,-,3.28,26,27,2
Stanley Burrell,PG,11.19,-,3.19,29.5,34.5,21
Brian Butch,C-PF,11.87,-,3.52,24,26.5,9
Jamar Butler,PG,-,-,-,-,-,15
Pat Calathes,SF-PF,-,-,-,-,-,7
Joe Crawford,SG,11.67,-,3.22,31,36,13
Chris Daniels,C-PF,12.72,-,3.56,26,28.5,11
Joey Dorsey,PF-C,11.84,-,3.2,27.5,33,19
Marcus Dove,SF-PF,11.59,-,3.26,27.5,33.5,10
Josh Duncan,PF,12.47,-,3.26,28,32,26
Frank Elegar,PF,11.86,-,3.17,33.5,37.5,11
Patrick Ewing Jr.,SF-PF,11.77,-,3.43,35,42,2
Gary Forbes,SG,11.45,-,3.25,27.5,33.5,13
Shan Foster,SG,12.3,-,3.24,30,33,10
J.R. Giddens,SG,-,-,-,-,-,10
James Gist,PF,11.37,-,3.14,30.5,35,5
Vladimir Golubovic,C,12.4,-,3.33,21.5,27,15
Eric Gordon,SG,10.81,-,3.01,32,40,15
Kentrell Gransberry,C,12.16,-,3.32,24.5,27.5,18
Donte Greene,SF-PF,11.21,-,3.2,27.5,31.5,2
Malik Hairston,SG,11.33,-,3.08,30.5,38,13
DeVon Hardin,C-PF,11.49,-,3.33,29.5,32,20
Richard Hendrix,PF,10.62,-,3.27,26.5,28,13
George Hill,PG,12.2,-,3.07,34,37.5,9
Kyle Hines,SF-PF,12.17,-,3.4,28.5,33,16
Jiri Hubalek,C-PF,12.26,-,3.54,20.5,26,2
Lester Hudson,PG,11.15,-,3.16,30.5,36,12
Othello Hunter,PF-SF,11.51,-,3.18,28,34.5,7
Darnell Jackson,PF,11.75,-,3.26,27,31,11
Shawn James,PF,-,-,-,-,-,6
Davon Jefferson,SF,12.02,-,3.36,27,32,2
Joseph Jones,PF,11.61,-,3.33,25.5,31,16
DeAndre Jordan,C,12.3,-,3.27,26,30.5,8
Sasha Kaun,C-PF,12.06,-,3.2,29,32,13
Marcelus Kemp,SG,11.79,-,3.39,26,30,9
Maarty Leunen,SF,11.57,-,3.36,29.5,34.5,14
Longar Longar,C,-,-,-,-,-,14
Brook Lopez,C,12.77,-,3.57,27.5,30.5,7
Kevin Love,PF,11.17,-,3.22,29.5,35,18
Aleks Maric,C,11.76,-,3.35,23,28,15
O.J. Mayo,SG-PG,11.04,-,3.14,30.5,41,7
James Mays,PF,11.23,-,3.19,29.5,35,13
Luc Mbah a Moute,SF,11.71,-,3.17,32,38.5,11
JaVale McGee,C-PF,12.75,-,3.25,27,32.5,7
Drew Neitzel,PG,11.19,-,3.2,25.5,32,10
DeMarcus Nelson,PG-SG,10.54,-,3.13,34.5,38.5,19
David Padgett,C-PF,12.45,-,3.45,24,28,17
Jeremy Pargo,PG,10.65,-,3.07,32,37,7
Trent Plaisted,PF,11.32,-,3.17,30.5,35.5,14
Quan Prowell,SF-PF,11.79,-,3.14,32,36,16
Shaun Pruitt,C-PF,11.3,-,3.4,27,32.5,10
Anthony Randolph,PF-SF,11.86,-,3.26,29,35,7
Charles Rhodes,PF,11.51,-,3.13,26.5,33.5,14
John Riek,C,-,-,-,-,-,-
Brian Roberts,PG,10.65,-,3.05,31.5,36.5,10
Russell Robinson,PG,11.3,-,3.15,25,31.5,8
Richard Roby,SG-SF,-,-,-,-,-,-
Derrick Rose,PG,11.69,-,3.05,34.5,40,10
Sean Singletary,PG,-,-,-,26,-,18
Ronald Steele,PG,11.08,-,3.26,25,29.5,5
Mike Taylor,SG-PG,10.98,-,3.08,31,39,2
Bryce Taylor,SG,11.08,-,3.19,34.5,41,16
Mark Tyndale,SG-SF,12.52,-,3.14,27,33.5,5
Robert Vaden,SG,11.97,-,3.4,26,29.5,10
Deron Washington,SF,11.03,-,3.09,34,40,7
Sonny Weems,SG-SF,10.58,-,2.96,29,36.5,12
Russell Westbrook,PG,10.98,-,3.08,30,36.5,12
Reggie Williams,SG,11.32,-,3.07,31.5,36.5,15
Mohamed Abukar,SF,11.78,-,3.37,30.5,35,15
Mario Boggan,PF,12.18,-,3.45,24,26.5,12
Craig Bradshaw,PF,11.88,-,3.54,26,28,12
Corey Brewer,SF-SG,11.69,-,3.22,30.5,36.5,11
Aaron Brooks,PG,10.57,-,3.2,32.5,39.5,6
Bobby Brown,PG,11.27,-,3.25,32.5,41,3
Russell Carter,SG,11.61,-,3.29,33,38.5,25
Coleman Collins,PF,11.47,-,-,30,35,21
Mike Conley,PG,11.63,-,3.09,35.5,40.5,13
Daequan Cook,SG,11.12,-,3.22,30,34.5,4
Ryvon Covile,C-PF,12.52,-,3.37,25,30.5,19
Javaris Crittenton,PG,11.6,-,3.32,32.5,38,11
Jermareo Davidson,PF,12.63,-,3.53,27,30,7
Justin Doellman,PF,-,-,-,-,-,19
Zabian Dowdell,PG,11.13,-,3.29,30,33.5,3
Jared Dudley,SF,11.32,-,3.45,28,32,14
Kevin Durant,SF-PF,12.33,-,3.45,26,33.5,0
Rashaun Freeman,PF,11.43,-,3.41,28,32,20
Aaron Gray,C,12.07,-,3.7,27,32.5,17
Caleb Green,PF,11.72,-,3.46,28.5,36,9
Jeff Green,SF,12,-,3.34,33.5,38,17
Taurean Green,PG,11.3,-,3.26,29,32.5,8
Spencer Hawes,PF,11.88,-,3.51,26,29,9
Brandon Heath,PG,11.39,-,3.28,32,36,11
Herbert Hill,C,12.31,-,3.39,30.5,34,15
Al Horford,PF,12.15,-,3.37,31,35.5,20
Quinton Hosley,SF-SG,12.47,-,3.32,28.5,34,12
James Hughes,C,13.31,-,3.37,31,33,8
Jeremy Hunt,SG,12.11,-,3.29,30.5,33,10
Ekene Ibekwe,PF,11,-,3.28,34.5,39,10
Dominic James,PG,10.94,-,3.11,33.5,38.5,14
Trey Johnson,SG,11.78,-,3.31,26.5,35,18
Rashad Jones-Jennings,PF,12.18,-,3.29,25,30,20
Jared Jordan,PG,11.02,-,3.39,24.5,28.5,6
Coby Karl,SG-PG,11.57,-,3.41,32,34.5,9
Antanas Kavaliauskas,PF,11.19,-,3.42,25.5,30,19
Carl Landry,PF,11.35,-,3.29,31.5,36.5,21
Stephane Lasme,PF,11.73,-,3.22,29.5,36,17
Acie Law,PG,11,-,3.22,29,34,8
Marko Lekic,C,11.96,-,3.43,24,30.5,19
Ron Lewis,SG,11.59,-,3.22,33,38,16
Cartier Martin,SF,12.1,-,3.43,27,29.5,11
Dominic McGuire,SF,10.95,-,3.25,28.5,34.5,12
Josh McRoberts,PF,11.7,-,3.47,27.5,31.5,12
Sammy Mejia,SG,11.87,-,3.49,27,31.5,7
Brad Newley,SG,11.77,-,3.29,29.5,31.5,3
Demetris Nichols,SF,10.39,-,3.38,28.5,32.5,16
Joakim Noah,PF,11.79,-,3.47,32.5,37.5,12
Greg Oden,C,11.67,-,3.27,32,34,-
Ivan Radenovic,PF,11.61,-,3.6,23,28,7
JR Reynolds,PG,11.69,-,3.24,27.5,34.5,15
Chris Richard,PF,11.39,-,3.29,26.5,30.5,15
Dustin Salisbery,SG,11.07,-,3.12,34,38,11
Blake Schilb,SG,11.63,-,3.36,26.5,33.5,11
Renaldas Seibutis,SG,11.33,-,3.39,24,32.5,1
Ramon Sessions,PG,11.65,-,3.27,29.5,33.5,8
Mustafa Shakur,PG,11.82,-,3.27,28.5,35,11
Jason Smith,PF,10.96,-,3.29,33.5,37.5,15
DJ Strawberry,SG,10.87,-,3.14,28.5,35,21
Rodney Stuckey,SG-PG,11.34,-,3.11,30.5,35,14
Curtis Sumpter,SF,11.3,-,3.22,27.5,32.5,12
Yue Sun,SF,10.68,-,3.45,29,34,9
Jamaal Tatum,PG,11.51,-,3.22,28.5,33,7
Reyshawn Terry,SF,11.76,-,3.26,31,37.5,18
Al Thornton,SF,11.96,-,3.16,35,41,9
Anthony Tolliver,PF,11.49,-,3.29,28.5,30,21
Ali Traore,C-PF,12.16,-,3.52,25,29,11
Kyle Visser,C,12.6,-,3.39,26,29,18
Darryl Watkins,C,11.65,-,3.56,26.5,31,14
Major Wingate,C,12.14,-,3.47,27.5,30.5,15
DaShaun Wood,PG,11.4,-,3.23,31.5,34.5,13
Julian Wright,SF-PF,11.48,-,3.36,28.5,33.5,2
Brandan Wright,PF,11.76,-,3.31,30.5,35.5,2
Avis Wyatt,PF,11.46,-,3.23,27.5,32,12
Jianlian Yi,,-,-,-,-,-,-
Nick Young,SG-SF,11,-,3.25,39.5,40.5,6
Thaddeus Young,SF,11.06,-,3.19,34.5,37,13
Kenny Adeleke,PF-C,11.57,-,3.47,28.5,30.5,26
Maurice Ager,SG-PG,11.73,-,3.22,29.5,35,11
LaMarcus Aldridge,PF-C,12.02,-,3.43,26.5,34,8
Morris Almond,SG-SF,11.45,-,3.19,31,35.5,13
Lou Amundson,PF,10.58,-,3.2,32,35.5,14
Rashad Anderson,SG,11.77,-,3.48,27.5,32.5,13
Hilton Armstrong,C-PF,12.28,-,3.53,28.5,31.5,13
James Augustine,PF,10.54,-,3.25,30,32.5,13
Renaldo Balkman,SF-PF,11.58,-,3.22,30.5,35,9
J.P. Batista,PF,11.62,-,3.38,26,30.5,26
Will Blalock,PG,11.08,-,3.18,35,40,8
Brandon Bowman,SF,11.41,-,3.31,31,34,24
Ronnie Brewer,SG-PG,11.32,-,3.14,35,41,19
Denham Brown,SG-SF,11.42,-,3.25,28,34.5,12
Brad Buckman,PF,12.26,-,3.54,25.5,30.5,10
Nik Caner-Medley,SF,10.57,-,3.21,28.5,35.5,17
Rodney Carney,SG-SF,10.57,-,3.06,32,38.5,10
Keydren Clark,PG,11.03,-,3.11,31,34,13
Mardy Collins,PG-SG,12,-,3.27,31.5,37.5,9
Taquan Dean,SG-PG,10.53,-,3.2,30.5,34.5,16
Terence Dials,PF-C,11.54,-,3.5,26.5,30,16
Sean Dockery,PG-SG,10.88,-,3.34,29,33,4
Jordan Farmar,PG,11.07,-,3.17,33.5,42,11
Randy Foye,SG-PG,10.53,-,3.23,32,38,14
Torin Francis,PF-C,11.97,-,3.51,26.5,32,9
Rudy Gay,SF-PF,11.03,-,3.32,33,40.5,9
Nick George,SF-SG,11.69,-,3.25,30.5,38,14
Taj Gray,PF-SF,11.02,-,3.45,28.5,33,10
Dan Grunfeld,SF-SG,11.3,-,3.46,28,33.5,16
Matt Haryasz,PF-C,11.34,-,3.46,27.5,31.5,10
Eric Hicks,PF,12.06,-,3.34,30,34,20
Tedric Hill,SF-PF,12.23,-,3.24,30,36.5,1
Daniel Horton,PG-SG,10.35,-,3.16,30,36.5,17
Bobby Jones,SF-SG,11.23,-,3.28,28.5,34.5,15
Solomon Jones,PF-C,11.27,-,3.3,32,39,6
Viktor Keyru,SG-PG,11.4,-,3.24,29,34.5,11
Marco Killingsworth,PF,11.42,-,3.34,28,32,13
Tarence Kinsey,SF-SG,10.67,-,3.3,29,35.5,5
Carl Krauser,PG,11.62,-,3.38,26,31,8
Chris McCray,SG,11.46,-,3.34,30.5,39,1
Gerry McNamara,PG-SG,11.28,-,3.4,27,32,3
Pops Mensah-Bonsu,PF-C,11.47,-,3.29,31.5,36,19
Paul Miller,PF-C,12.25,-,3.66,29,35.5,25
Paul Millsap,PF,11.67,-,3.3,28.5,32.5,15
Dwayne Mitchell,SG-SF,11.45,-,3.16,37.5,41.5,17
Adam Morrison,SF,11.46,-,3.37,25.5,30.5,11
Yemi Nicholson,PF-C,12.57,-,3.65,26.5,26,8
David Noel,SF-SG,10.54,-,3.07,34.5,38.5,20
Steve Novak,SF,11.11,-,3.37,24.5,31,5
Patrick O'Bryant,C,12.68,-,3.63,26.5,30,13
Danilo Pinnock,PG-SG,11.91,-,3.08,29.5,35.5,7
Chris Quinn,PG-SG,11.25,-,3.25,32,37,7
Allan Ray,SG,11.01,-,3.2,28.5,35.5,9
JJ Redick,SG,10.94,-,3.29,27.5,33,6
Antywane Robinson,SF-PF,11.73,-,3.4,29,32.5,12
Brandon Roy,SG-SF,11.13,-,3.27,34,40.5,6
Blake Schilb,PG-SG,11.25,-,3.43,28.5,34.5,13
Mouhamed Sene,C,12.52,-,3.38,28.5,31,7
Cedric Simmons,PF-C,11.05,-,3.31,30.5,35,15
Marcus Slaughter,PF-SF,11.56,-,3.4,30,34,9
Craig Smith,PF,11.59,-,3.4,30,29.5,-
Steven Smith,SF-PF,12.08,-,3.4,29.5,34.5,15
Michael Southhall,C,12.29,-,3.51,31.5,37,2
Frans Steyn,C,11.67,-,3.38,28.5,29.5,-
Curtis Stinson,SG,10.95,-,3.27,28,31.5,17
Tyrus Thomas,PF-SF,11.36,-,3.2,34,39.5,8
Joah Tucker,SF-SG,11.58,-,3.31,29,34,19
Ian Vouyoukas,C-PF,13.7,-,3.72,23,28,8
Darius Washington,PG,10.71,-,3.26,29,37.5,9
CJ Watson,PG,11.61,-,3.15,31.5,34,12
Marcus Williams,PG,11.3,-,3.4,24.5,28,4
Shawne Williams,SF-PF,10.69,-,3.3,32,31,-
Justin Williams,C-PF,11.9,-,3.31,26.5,31.5,7
Shelden Williams,PF-C,11.53,-,3.59,29,33.5,25
Eric Williams,C-PF,11.71,-,3.56,28.5,29,17
Curtis Withers,PF-SF,11.54,-,3.1,35,36.5,14
Alex Acker,SG,11.67,-,3.35,28,32,11
Deji Akindele,C-PF,12.58,-,3.35,30.5,32.5,13
Mustafa Al-Sayyad,PF-C,11.56,-,3.42,26.5,30.5,-
Nemanja Aleksandrov,PF-SF,-,-,-,-,-,5
Alan Anderson,SG-SF,10.32,-,3.27,26.5,30.5,10
Martynas Andriuskevicius,C-PF,11.94,-,3.42,24,27.5,0
Sean Banks,SF,11.74,-,3.35,25,31.5,7
Eddie Basden,SG-SF,10.52,-,3.21,33,36.5,14
Mike Bell,SF-PF,11.73,-,3.29,33.5,39.5,13
Andrew Bogut,C-PF,12.06,-,3.51,27.5,33.5,13
Dee Brown,PG-SG,-,-,-,-,-,-
Will Bynum,PG-SG,11.12,-,3,33,40.5,15
Marcus Campbell,C,-,-,-,-,-,9
Will Conroy,PG,10.51,-,3.28,30.5,36.5,14
Taylor Coppenrath,PF-SF,11.51,-,3.44,24.5,27,5
Travis Diener,PG-SG,10.85,-,3.26,24.5,31,1
Ike Diogu,PF,11.94,-,3.45,28,31,21
Daryl Dorsey,PG,11.41,-,3.24,25,30.5,0
Monta Ellis,SG-PG,12.13,-,3.31,26.5,31.5,0
Raymond Felton,PG,10.5,-,3.06,29,33.5,6
Rudy Fernandez,SG,10.48,-,3.33,26.5,35.5,0
D'Or Fischer,C-PF,12.53,-,3.5,28,30.5,2
Eddy Fobbs,C-PF,11.53,-,3.28,29.5,34,12
Sharrod Ford,PF,11.92,-,3.2,28.5,37,9
Channing Frye,PF-C,11.6,-,3.38,27.5,31,19
Deng Gai,PF-C,12.51,-,3.27,31.5,35.5,11
Francisco Garcia,SF-SG,10.63,-,3.33,27.5,31.5,5
John Gilchrist,PG,11.48,-,3.15,30.5,36.5,12
Marcin Gortat,PF-C,11.48,-,3.33,29.5,36,18
Joey Graham,SF,10.62,-,3.05,30,36,26
Danny Granger,,10.84,-,3.34,31,34,10
Gerald Green,SF,11.2,-,3.21,31.5,39,7
Charles Hayes,SF-PF,10.7,-,3.34,30,33,20
Luther Head,PG-SG,11.12,-,3.21,31.5,38.5,14
Julius Hodge,SG-SF,10.89,-,3.18,24.5,29,14
Jared Homan,C-PF,-,-,-,-,-,16
Ersan Ilyasova,SF,11.59,-,3.56,22,30,2
Jarrett Jack,PG,10.87,-,3.24,26,28.5,5
Dwayne Jones,C-PF,11.87,-,3.25,28,31.5,15
Mindaugas Katelynas,SF-PF,11.6,-,3.38,31.5,35,7
Jason Klotz,C-PF,13.13,-,3.68,21.5,27,12
Carl Krauser,PG-SG,11.62,-,3.38,26,31,8
Keith Langford,SG-SF,11.38,-,3.23,32,29.5,8
David Lee,PF,10.8,-,3.19,30.5,32.5,14
David Lucas,PF,-,-,-,-,-,17
John Lucas III,PG,10.44,-,3.14,29,34,4
Rawle Marshall,SG-SF,11.64,-,3.21,30.5,37,7
Jason Maxiell,PF,-,-,-,-,-,-
Sean May,PF,11.04,-,3.29,30,33,12
Rashad McCants,SG,10.39,-,3.11,32.5,34.5,15
Ivan McFarlin,PF,10.64,-,3.27,26.5,32,10
Juan Mendez,PF-SF,11.7,-,3.24,29,33,14
Aaron Miles,PG,10.69,-,3.22,32,37.5,7
Ellis Myles,PF,12.8,-,3.42,26,28.5,15
Larry O'Bannon,SG,11.44,-,3.18,31.5,36.5,17
Drago Pasalic,SF-PF,12.12,-,3.48,25,30.5,11
Chris Paul,PG,11.09,-,3.22,32,38,10
Kevin Pittsnogle,PF,-,-,-,-,-,-
Carlos Powell,SF-PF,11.54,-,3.21,27.5,34.5,12
Roger Powell,SF,-,-,-,-,-,-
Ronnie Price,PG,10.49,-,3.29,31.5,39,11
Anthony Roberson,PG,11.17,-,3.19,31.5,37,14
Brandon Rush,SG-SF,11.33,-,3.31,32.5,35,0
Luke Schenscher,C,12.4,-,3.47,23.5,26.5,1
Wayne Simien,PF,11.05,-,3.35,27,27.5,11
Tre Simmons,SG-SF,10.8,-,3.18,27,31.5,3
David Simon,C-PF,11.98,-,3.44,28,33,18
Chris Taft,PF,11.26,-,3.27,28.5,33,14
Chris Thomas,PG,10.84,-,3.33,28.5,34,14
Omar Thomas,SF-SG,11.11,-,3.27,25,29.5,6
Dijon Thompson,SF-SG,-,-,-,-,-,-
Ronny Turiaf,PF,11.5,-,3.23,30.5,33,15
Charlie Villanueva,PF-SF,10.86,-,3.3,26,31,11
Hakim Warrick,PF-SF,-,-,3.22,33,38,11
Martell Webster,SF,11.39,-,3.39,28,30.5,7
Robert Whaley,PF-C,12.11,-,3.25,28.5,33.5,15
Marvin Williams,PF-SF,11.11,-,3.17,29.5,35,12
Deron Williams,PG,10.83,-,3.25,30,35,15
Jawad Williams,SF,11.39,-,3.23,28,34,15
Antoine Wright,SF-SG,11.45,-,3.41,26.5,29.5,12
Bracey Wright,SG-PG,11.58,-,3.27,30,36,8
Tony Allen,SG,10.7,-,3.19,31.5,36.5,17
Trevor Ariza,SG-SF,11.63,-,3.29,29.5,32,8
Andre Barrett,PG,10.63,-,3.08,29,34.5,13
Brandon Bass,PF,11.61,-,3.24,31.5,33,18
Andris Biedrins,C,-,-,-,-,-,-
Tony Bobbitt,SG,-,-,-,-,-,1
Brian Boddicker,SF-PF,10.93,-,3.25,28,30,16
Tim Bowers,PG-SG,11.24,-,3.21,37,43.5,13
Andre Brown,PF-C,11.7,-,3.22,32,35.5,18
Antonio Burks,PG,-,-,-,-,-,9
Jackie Butler,C,13.32,-,3.4,23,25,14
Aleksandar Capin,PG,11.5,-,3.27,23,29,4
Ales Chan,C,12.9,-,3.62,21,29,2
Josh Childress,SG-SF,11.95,-,3.38,29,36,11
TJ Cummings,SF,11.58,-,3.12,27,31,6
Erik Daniels,SF-PF,11.38,-,3.19,31,32,4
Luol Deng,SF,11.46,-,3.34,27.5,31.5,5
Marcus Douthit,C-PF,11.64,-,3.34,25.5,31.5,1
Chris Duhon,PG,10.45,-,3.14,31.5,35,7
John Edwards,C,-,-,-,-,-,15
Andre Emmett,SG-SF,-,-,-,-,-,-
Desmon Farmer,SG,10.89,-,3.2,24,31,12
Luis Flores,PG-SG,10.97,-,3.1,29,32,15
Matt Freije,SF-PF,11.15,-,3.25,29.5,31,13
Chris Garnett,C-PF,11.75,-,3.36,27,31.5,22
Ryan Gomes,SF-PF,12.49,-,3.24,26.5,30.5,9
Ben Gordon,PG-SG,11.28,-,3.19,31.5,37.5,12
Devin Harris,PG,11.03,-,3.19,30.5,37,5
Dwight Howard,PF-C,11.21,-,3.14,30.5,35.5,7
Rolando Howell,PF,11.91,-,3.28,28.5,34.5,-
Kris Humphries,PF,11.33,-,3.2,29.5,36,22
Andre Iguodala,SG-SF,11.17,-,3.18,30.5,34.5,4
Martin Iti,C-PF,12.28,-,3.41,26.5,32.5,13
Luke Jackson,SF-SG,11.1,-,3.24,26.5,36,13
Al Jefferson,PF-SF,13.08,-,3.29,28.5,30,3
Arthur Johnson,PF-C,11.81,-,3.38,26.5,28.5,14
Ivan Koljevic,PG,11.07,-,3.28,26,28.5,4
Herve Lamizana,SF-PF,-,-,-,-,-,-
Sergei Lishouk,PF-SF,-,-,-,-,-,-
Shaun Livingston,PG-SG,10.72,-,3.23,26.5,30,-
Jaime Lloreda,PF,12.93,-,3.23,25.5,29.5,6
Bryant Matthews,SF-SG,11.08,-,3.13,29,34.5,13
Marcus Melvin,SF-PF,11.81,-,3.33,25,30.5,11
Rich Melzer,PF-SF,11.74,-,3.39,24.5,28.5,8
Ricky Minard,PG-SG,10.94,-,3.1,27.5,33,13
James Moore,PF-SF,11.01,-,3.21,28.5,32.5,-
Marcus Moore,PG-SG,11.31,-,3.34,25,30,-
Michel Morandais,SG-SF,11.45,-,3.22,30.5,33.5,16
Jameer Nelson,PG,10.95,-,3.14,28.5,33.5,15
Misan Nikagbatse,SG-PG,11.27,-,3.32,27.5,32.5,11
Emeka Okafor,C-PF,12.32,-,3.15,31.5,34,22
Randall Orr,PF-SF,11.18,-,3.27,26.5,33,6
Dylan Page,SF,10.99,-,3.4,26,30,17
Drago Pasalic,PF,12.97,-,3.56,25.5,30,8
Rickey Paulding,SG,11.14,-,3.17,30,36,17
Kelvin Pena,SG-PG,11.5,-,3.24,27.5,32.5,1
Tim Pickett,PG-SG,-,-,-,-,-,-
Omar Quintero,PG,11.37,-,3.25,25,29,2
Peter Ramos,C,12.61,-,3.6,24,26.5,2
Jared Reiner,C-PF,12.65,-,3.56,22,26,15
Lawrence Roberts,PF,12.52,-,3.3,27.5,33,18
Bernard Robinson,SG-SF,10.91,-,3.17,28.5,34.5,14
Nate Robinson,PG,10.75,-,2.96,35.5,43.5,13
Aerick Sanders,PF,11.98,-,3.37,24.5,30.5,9
Romain Sato,SG,11.27,-,3.18,31.5,35.5,8
Blagota Sekulic,SF-PF,10.93,-,3.39,23.5,31.5,8
Josh Smith,SG-SF,11.43,-,3.24,32.5,39.5,12
J.R. Smith,SG-SF,10.93,-,3.21,29,35.5,5
Kirk Snyder,SG-SF,10.79,-,3.13,30,35,19
Pape Sow,PF-C,12.13,-,3.27,28,31.5,18
Tiago Splitter,C-PF,11.65,-,3.38,26,31.5,8
Blake Stepp,PG,-,-,-,-,-,-
Tom Timmerrmans,PF-C,13.13,-,3.63,23,26.5,15
Marko Tomas,SG-PG,11.8,-,3.23,32,31.5,-
Beno Udrih,PG,-,-,-,-,-,2
Jackson Vroman,PF-C,10.75,-,3.25,29.5,33.5,12
Delonte West,PG-SG,11.2,-,3.15,30,35,12
Damien Wilkins,SG-SF,11.92,-,3.15,26.5,31,15
Mike Williams,SF,11.59,-,3.42,23.5,27.5,-
Nate Williams,PF-SF,12.6,-,3.35,23.5,26,1
Rashad Wright,PG,11.15,-,3.28,28.5,32.5,10
Aloysius Anagonye,PF,12.93,-,3.3,31,34.5,6
Rick Anderson,SF-PF,11.23,-,3.4,26,30.5,6
Carmelo Anthony,SF,11.4,-,3.15,30.5,33.5,7
Jerome Beasley,SF-PF,11.36,-,3.25,27,32,10
Troy Bell,PG,10.89,-,3.06,34.5,41,17
LaVell Blanchard,SF,11.64,-,3.38,33.5,36.5,12
Keith Bogans,SG,11.43,-,3.25,29.5,35,10
Matt Bonner,PF-SF,11.52,-,3.32,27,32,20
Chris Bosh,PF,11.8,-,3.3,30.5,33,9
Jermaine Boyette,PG-SG,11.2,-,3.07,29,35.5,14
Souleymane Camara,PF-SF,11.51,-,3.2,28.5,34.5,2
Matt Carroll,SG-SF,11.11,-,3.35,29,33.5,13
Nick Collison,PF,11.62,-,3.28,28,33,8
Brian Cook,PF-SF,11.87,-,3.45,25,29,6
Joel Cornette,PF-SF,11.27,-,3.14,26,32.5,13
Marquis Daniels,SG-PG,11.62,-,3.25,30.5,35,6
Aleksander Djuric,C-PF,11.97,-,3.65,23.5,27.5,3
Ruben Douglas,SG,11.95,-,3.27,28.5,35,9
Ronald Dupree,SF-SG,11.09,-,3.23,37.5,41.5,11
Carl English,SG-PG,11.77,-,3.32,28,34,11
Ebi Ere,SG,11.38,-,3.16,29.5,33.5,-
Marquis Estill,PF-C,12.92,-,3.31,30,36,7
T.J. Ford,PG,11.45,-,3.2,32.5,39.5,0
Jason Gardner,PG,10.62,-,3.17,30.5,35,10
Willie Green,SG-PG,11.86,-,3.19,28.5,28.5,13
Justin Hamilton,PG-SG,11.18,-,3.18,30,37.5,17
Travis Hansen,SG,10.72,-,3.18,31.5,35,16
Trevor Harvey,C-PF,11.85,-,3.32,29.5,32,11
Marcus Hatten,PG,11.5,-,3.15,29.5,37.5,7
Kirk Hinrich,PG-SG,10.98,-,3.1,29,33.5,10
Jerry Holman,PF,11.54,-,3.24,33,37.5,11
Sam Hoskin,PF,-,-,-,-,-,24
Josh Howard,SF-SG,10.89,-,3.09,33,36.5,4
Brandon Hunter,PF,11.13,-,3.21,32.5,35,25
Sani Ibrahim,C-PF,13.02,-,3.4,26,30.5,12
Michael Ignerski,PF-SF,11.21,-,3.13,26.5,33,10
Robert Jackson,PF-C,11.26,-,3.25,23.5,26,15
LeBron James,SF-SG,-,-,-,-,-,-
Britton Johnsen,SF-PF,10.67,-,3.08,26.5,32.5,13
James Jones,SF,11.18,-,3.19,30.5,33,9
Dahntay Jones,SG-SF,10.91,-,3.11,30,39.5,-
Chris Kaman,C-PF,11.33,-,3.37,23.5,30.5,15
Jason Kapono,SG-SF,11.04,-,3.38,23.5,30,8
Jason Keep,C-PF,11.18,-,3.3,29.5,34,27
Bernard King,SG-PG,11.37,-,3.18,28,33.5,11
Brandin Knight,PG,-,-,-,-,-,6
Kyle Korver,SF,11.42,-,3.47,25.5,31.5,13
James Lang,C-PF,14.01,-,3.55,24.5,32,8
Donald Little,PF-C,11.18,-,3.2,33,37,18
Chris Marcus,C,-,-,-,-,-,12
Chris Massie,PF-C,12.48,-,3.22,26.5,33,13
Will McDonald,C-PF,11.83,-,3.42,25,32.5,17
Darko Milicic,PF,11.3,-,3.36,26.5,32.5,13
Jeff Newton,PF,11.18,-,3.23,27.5,34,9
Uche Nsonwu-Amadi,PF-C,11.83,-,3.25,27.5,29,21
Ugonna Okyekwe,SF,11.43,-,3.2,32,36.5,8
Marlon Parmer,PG,-,-,3.42,28,32,13
Stephane Pelle,PF-SF,11.37,-,3.27,28.5,33,17
Kirk Penney,SG-SF,10.44,-,3.04,32,35.5,15
Pavel Podkolzin,C,13.4,-,3.8,19.5,22.5,5
Josh Powell,PF-SF,11.72,-,3.2,32.5,38.5,15
Hollis Price,PG-SG,10.72,-,3.25,27.5,33,1
Luke Ridnour,PG,11,-,3.28,26,32.5,0
Joe Shipp,SG,11.75,-,3.2,29,34.5,17
Ron Slay,SF-PF,12.01,-,3.43,28.5,31.5,10
Theron Smith,PF-SF,10.99,-,3.1,28.5,32,25
Tommy Smith,PF-SF,11.54,-,3.14,30,33,2
Marvin Stone,C-PF,12.1,-,3.5,25.5,27.5,9
Michael Sweetney,PF,12.9,-,3.28,26,31.5,3
Sasha Vujacic,PG-SG,-,-,-,-,-,0
Dwyane Wade,SG-SF,10.56,-,3.08,31.5,35,9
Wayne Wallace,PF,11.85,-,3.24,29.5,36,6
Luke Walton,SF-PF,-,-,-,28,-,12
David West,PF-SF,12.18,-,3.43,28.5,31.5,11
Mo Williams,PG-SG,-,-,-,-,-,3
Wesley Wilson,C-PF,12.19,-,3.3,27,30.5,20
Doug Wrenn,SF-PF,11.38,-,3.17,34.5,41,15
Derrick Zimmerman,PG,11.09,-,3.1,34,40.5,13
Robert Archibald,PF-C,11.34,-,3.33,24,27.5,10
Maurice Baker,PG,12.19,-,3.29,29.5,33,2
Matt Barnes,SF,10.68,-,3.28,35.5,40.5,11
Lubos Barton,SF-SG,11.2,-,3.31,25.5,31.5,14
Lonny Baxter,PF-C,11.77,-,3.21,28,32.5,14
Lee Benson,SF-PF,11.44,-,3.29,27.5,32.5,14
Carlos Boozer,PF,10.77,-,3.31,26.5,28.5,13
Curtis Borchardt,C,12.56,-,3.63,24,27,7
J.R. Bremer,SG-PG,10.93,-,3.1,30,35.5,24
Brian Brown,PG-SG,11.43,-,3.29,26,33,8
Sylvere Bryan,PF,12.03,-,3.2,28.5,29.5,13
Chris Burgess,C,11.58,-,3.37,24.5,31,24
Caron Butler,SF-SG,12.15,-,3.33,27,31,2
Rasual Butler,SF,11.54,-,3.29,31.5,37.5,10
Mire Chatman,PG-SG,11.12,-,3.18,29,33,1
Chris Christoffersen,C,12.55,-,3.39,28,31,13
Lenny Cooke,SG-SF,-,-,-,-,-,0
Craig Dawson,SG-SF,12.06,-,3.25,26,30,0
Mike Dunleavy,SF,11.55,-,3.3,24.5,29,11
Teddy Dupay,PG,10.53,-,3.19,28,33,16
Corsley Edwards,PF,12.18,-,3.31,28.5,33,12
Andy Ellis,PF,11.69,-,3.34,32,35.5,6
Melvin Ely,PF,11.96,-,3.35,26,29,7
Reggie Evans,PF,12.73,-,3.26,26,29.5,15
Peter Fehse,PF-C,-,-,-,-,-,-
Drew Gooden,PF,11.81,-,3.19,29,33,13
David Graves,SG,11.2,-,3.27,26,29.5,8
Lynn Greer,PG,11.24,-,3.16,29.5,36.5,12
Rod Grizzard,SF-SG,-,-,-,-,-,6
Anthony Grundy,PG-SG,11.1,-,3.39,27.5,32,0
Marcus Haislip,PF,11.35,-,3.21,33.5,36.5,8
Damon Hancock,SG-PG,11.62,-,3.03,32,35,15
Greg Harrington,PG,12.06,-,3.32,28.5,34,15
Udonis Haslem,PF,11.8,-,3.31,28.5,33.5,22
Cordell Henry,PG,11.3,-,3.04,33,37.5,1
Randy Holcomb,SF-PF,12.85,-,3.22,29.5,35.5,15
Ryan Humphrey,PF-SF,11.75,-,3.2,31.5,37.5,13
Jared Jeffries,PF,11.73,-,3.4,26,30,9
Jason Jennings,C,11.92,-,3.62,29,32,8
Fred Jones,SG,11.12,-,3.13,33.5,37.5,-
Lonnie Jones,C-PF,11.8,-,3.33,30.5,31.5,15
Mario Kasun,C,-,-,-,-,-,12
Sean Kennedy,PG,11.64,-,3.28,22.5,26.5,0
Kris Lang,C-PF,11.36,-,3.24,28,29,19
Muhammed Lasege,C-PF,12.96,-,3.29,27.5,30,18
Steve Logan,PG,-,-,-,-,-,11
Kevin Lyde,C-PF,12.97,-,3.36,27.5,30.5,13
Tito Maddox,PG,12.2,-,3.24,27,32.5,0
Kei Madison,SF,11.74,-,3.22,27.5,34.5,6
Chris Massie,PF,-,-,-,-,-,-
Immanuel McElroy,SG,-,-,-,-,-,9
Aaron McGhee,PF-SF,12.24,-,-,26,28.5,-
Elvin Mims,SF-SG,11.17,-,3.22,32,38,7
Byron Mouton,SG-SF,11.84,-,3.1,24,30,7
Ronald Murray,SG,11.13,-,3.16,31,36.5,9
Uche Okafor,PF-C,14.45,-,3.34,24.5,25,10
Chris Owens,PF-SF,-,-,-,-,-,10
Jannero Pargo,PG,11.11,-,3.2,25.5,29.5,5
Smush Parker,PG-SG,12.3,-,3.26,21,28.5,1
Luke Recker,SG-SF,10.78,-,3.27,25.5,31,13
Rolan Roberts,PF,11.36,-,3.33,32.5,37.5,16
Travis Robinson,SF,11.96,-,3.43,26,33,3
Kareem Rush,SG-SF,11.86,-,3.22,26,30,15
Brooks Sales,PF-C,11.05,-,3.29,26,29.5,13
John Salmons,SF-SG,11.35,-,3.25,30.5,34.5,12
Predrag Savovic,SG,10.94,-,3.38,22.5,28.5,13
Julian Sensley,PF-SF,11.85,-,3.32,27.5,31.5,8
Israel Sheinfeld,PF-C,-,-,-,-,-,8
Preston Shumpert,SF,11.03,-,3.24,28.5,29,9
Tamar Slay,SF,10.94,-,3.09,32.5,38,11
Darius Songaila,PF,11.69,-,3.52,24.5,29.5,8
Amar'e Stoudemire,PF,11.19,-,3.25,32,35.5,12
Marcus Taylor,PG,11.25,-,3.31,27.5,33.5,4
Jobey Thomas,SG,11.46,-,3.3,26,32,13
Dajuan Wagner,PG-SG,12.03,-,3.22,28,35,16
Chris Wilcox,PF-C,11.43,-,3.16,31,34.5,20
Frank Williams,PG,11.73,-,3.29,26,31,-
George Williams,PF-SF,11.21,-,3.24,33.5,39,11
Jay Williams,PG,10.34,-,3.09,28.5,36,10
Qyntel Woods,SF-SG,11.94,-,3.23,33.5,34.5,2
Vincent Yarbrough,SF,11.7,-,3.32,30,34,10
